{"RGBA":[0.800000011920929,0.30000001192092896,0.30000001192092896,1.0],"SPEC":[0.800000011920929,0.10000000149011612,0.800000011920929,1.0],"TextureRatios":[0.0,0.0,0.0,0.0,0.0,0.0,0.0,0.0],"Textures":["","","","","","","",""],"bUseLight":true,"bUseRGBA":true,"bVisible":true,"bWireframe":false}